account_value,datadate,daily_return,Date
1000000.0,20160104,,2016-01-04
1000096.0997025672,20160105,9.609970256718725e-05,2016-01-05
996368.81863635,20160106,-0.0037269229100340695,2016-01-06
988338.8546476234,20160107,-0.00805922850909424,2016-01-07
984454.3684058348,20160108,-0.00393031825423229,2016-01-08
983128.6550192186,20160111,-0.0013466478784212033,2016-01-11
986848.69359709,20160112,0.0037838776836371935,2016-01-12
973872.7869687312,20160113,-0.013148830932796063,2016-01-13
989463.3301537032,20160114,0.016008808741333702,2016-01-14
964954.8015192264,20160115,-0.024769516855839058,2016-01-15
964556.4589388892,20160119,-0.000412809573785311,2016-01-19
949191.2899566072,20160120,-0.015929776675991936,2016-01-20
960882.6241346536,20160121,0.012317152824464772,2016-01-21
977215.636789478,20160122,0.01699792695235125,2016-01-22
963157.2650635917,20160125,-0.014386151015832516,2016-01-25
987151.4204294456,20160126,0.024911980873933093,2016-01-26
981487.9687386042,20160127,-0.005737166126324911,2016-01-27
993199.9670275718,20160128,0.01193290051636553,2016-01-28
1011321.220541285,20160129,0.018245322306993383,2016-01-29
1009697.4806249746,20160201,-0.0016055629836793095,2016-02-01
1001445.1732454428,20160202,-0.008173049391411613,2016-02-02
1020557.216100654,20160203,0.019084462500601695,2016-02-03
1024495.8114394972,20160204,0.0038592597031372744,2016-02-04
1009044.2147366982,20160205,-0.015082147267238,2016-02-05
1011196.3232417807,20160208,0.002132818833557426,2016-02-08
1009375.6052109598,20160209,-0.0018005583969925576,2016-02-09
1000056.9670877391,20160210,-0.00923208176927659,2016-02-10
991254.0071834662,20160211,-0.00880245845384986,2016-02-11
1009204.2238506654,20160212,0.018108594302889802,2016-02-12
1017445.365702558,20160216,0.008165980340875123,2016-02-16
1032472.0235908692,20160217,0.014769007157386937,2016-02-17
1029730.0811226245,20160218,-0.002655706310286665,2016-02-18
1025200.6550751018,20160219,-0.004398653715723899,2016-02-19
1037387.6165599108,20160222,0.011887391433549555,2016-02-22
1021892.3723447544,20160223,-0.014936793121302472,2016-02-23
1026311.399485193,20160224,0.004324356713123256,2016-02-24
1036348.9728116408,20160225,0.009780241485657148,2016-02-25
1031962.2878530918,20160226,-0.004232826078504948,2016-02-26
1025405.1825034812,20160229,-0.006354016446911248,2016-02-29
1047246.26075679,20160301,0.021299949157643994,2016-03-01
1048754.4060197535,20160302,0.0014401056556399006,2016-03-02
1049004.015951947,20160303,0.0002380060868023559,2016-03-03
1052801.0476004544,20160304,0.00361965406306064,2016-03-04
1059984.559758234,20160307,0.006823238041178126,2016-03-07
1049963.418380974,20160308,-0.009454044669806927,2016-03-08
1060167.2225241966,20160309,0.009718247288040383,2016-03-09
1062018.7590694963,20160310,0.0017464570739051943,2016-03-10
1073042.5296488025,20160311,0.01038001493397811,2016-03-11
1072876.6644600837,20160314,-0.00015457466422419408,2016-03-14
1073922.9494559625,20160315,0.0009752146081072333,2016-03-15
1077630.3062325926,20160316,0.003452162725927632,2016-03-16
1085942.2480809432,20160317,0.007713166380230563,2016-03-17
1092682.162763124,20160318,0.006206513002041669,2016-03-18
1087296.112133748,20160321,-0.004929201567412944,2016-03-21
1083714.6956224705,20160322,-0.0032938741078077927,2016-03-22
1080107.5860978994,20160323,-0.003328467851494099,2016-03-23
1082366.5499070208,20160324,0.002091424815635623,2016-03-24
1085170.1478528609,20160328,0.002590248142905871,2016-03-28
1086852.7748751608,20160329,0.0015505651584952762,2016-03-29
1092665.4771620012,20160330,0.005348196573825792,2016-03-30
1088503.9940722988,20160331,-0.0038085609701069556,2016-03-31
1091515.202646276,20160401,0.0027663734725600353,2016-04-01
1087040.1166573188,20160404,-0.004099884250909014,2016-04-04
1087040.1166573188,20160405,0.0,2016-04-05
1090236.5986041827,20160406,0.0029405372422621756,2016-04-06
1085239.5244680485,20160407,-0.004583476781582996,2016-04-07
1089158.3046335245,20160408,0.003610981794454071,2016-04-08
1085861.658194919,20160411,-0.00302678354889363,2016-04-11
1097200.2453357342,20160412,0.010442018147748255,2016-04-12
1102709.1295924454,20160413,0.0050208558375099965,2016-04-13
1102839.2115149414,20160414,0.00011796576178157991,2016-04-14
1101938.750493427,20160415,-0.0008164934762134868,2016-04-15
1112366.820966465,20160418,0.009463384846361445,2016-04-18
1121070.6491553227,20160419,0.007824602482565668,2016-04-19
1120417.8340788172,20160420,-0.0005823139487216578,2016-04-20
1113442.655244539,20160421,-0.006225515715762353,2016-04-21
1116883.0438764228,20160422,0.003089866025590915,2016-04-22
1118443.450114132,20160425,0.0013971080018309046,2016-04-25
1121974.3055520435,20160426,0.00315693693548047,2016-04-26
1127439.483209428,20160427,0.004871036377874338,2016-04-27
1119061.4651395688,20160428,-0.007431013544079379,2016-04-28
1112794.8647627025,20160429,-0.005599871474517015,2016-04-29
1121003.6340102097,20160502,0.007376713810822277,2016-05-02
1112861.2870979484,20160503,-0.007263443815193837,2016-05-03
1108466.095053299,20160504,-0.003949451828008876,2016-05-04
1110176.094865865,20160505,0.0015426721847398017,2016-05-05
1113914.657316005,20160506,0.0033675400393049504,2016-05-06
1111506.7276927475,20160509,-0.002161682322288083,2016-05-09
1124319.066813461,20160510,0.011527000963196254,2016-05-10
1112224.7915649528,20160511,-0.010756977805940537,2016-05-11
1113811.7156582123,20160512,0.0014268015830025682,2016-05-12
1100919.6850238403,20160513,-0.011574694764952653,2016-05-13
1112959.2643314304,20160516,0.010935928816032892,2016-05-16
1102772.271227906,20160517,-0.009153069146375148,2016-05-17
1099877.3875622614,20160518,-0.002625096532778426,2016-05-18
1092568.8958918983,20160519,-0.006644824007666417,2016-05-19
1095900.9178900665,20160520,0.0030497133962872347,2016-05-20
1097216.1437325736,20160523,0.001200132074931748,2016-05-23
1107551.2336692906,20160524,0.009419374656262747,2016-05-24
1116958.5095503735,20160525,0.00849376136751423,2016-05-25
1113802.1241605715,20160526,-0.0028258752342310567,2016-05-26
1116623.514154269,20160527,0.002533116010910552,2016-05-27
1107785.2684791824,20160531,-0.00791515274669874,2016-05-31
1107359.8752517574,20160601,-0.000384003325851201,2016-06-01
1110415.0435211384,20160602,0.0027589660214899503,2016-06-02
1111280.0454423972,20160603,0.0007789897356900166,2016-06-03
1119548.6684479332,20160606,0.007440629425001788,2016-06-06
1124862.2057187243,20160607,0.004746142280851018,2016-06-07
1126546.4534090045,20160608,0.0014972924521043929,2016-06-08
1126254.9349699996,20160609,-0.0002587717871045392,2016-06-09
1122493.7773111383,20160610,-0.0033395260185575815,2016-06-10
1115923.6829737658,20160613,-0.005853123171079666,2016-06-13
1112473.1229537511,20160614,-0.0030921111117737654,2016-06-14
1107245.11506313,20160615,-0.004699446469987656,2016-06-15
1109813.710596844,20160616,0.002319807510342997,2016-06-16
1105455.4192269903,20160617,-0.00392704769119312,2016-06-17
1112788.6638106254,20160620,0.006633686402987671,2016-06-20
1116412.4060926558,20160621,0.0032564514717658977,2016-06-21
1112584.815821071,20160622,-0.003428473430334922,2016-06-22
1127877.7191159443,20160623,0.013745381994618944,2016-06-23
1085662.3536197694,20160624,-0.037429026906626195,2016-06-24
1064423.226298804,20160627,-0.019563289866458833,2016-06-27
1075226.0446049368,20160628,0.01014898777030293,2016-06-28
1094908.4250637,20160629,0.018305341986014634,2016-06-29
1107333.4071909578,20160630,0.011347964672511202,2016-06-30
1107538.721338863,20160701,0.00018541312541642263,2016-07-01
1107538.721338863,20160705,0.0,2016-07-05
1101696.0521246905,20160706,-0.005275363381525455,2016-07-06
1098722.002838254,20160707,-0.0026995188742855447,2016-07-07
1112526.3246729097,20160708,0.01256398051463048,2016-07-08
1116826.9773866406,20160711,0.003865663776536188,2016-07-11
1123374.0035367152,20160712,0.005862166909143429,2016-07-12
1125031.8937417846,20160713,0.0014758132196845963,2016-07-13
1139893.3815115893,20160714,0.013209836852159151,2016-07-14
1136652.6349308996,20160715,-0.0028430260524823225,2016-07-15
1139105.015034334,20160718,0.002157545786698023,2016-07-18
1138379.1245205165,20160719,-0.0006372463506322257,2016-07-19
1142280.034217665,20160720,0.0034267227965829594,2016-07-20
1136202.5756421476,20160721,-0.005320462928059322,2016-07-21
1136634.7009429908,20160722,0.00038032416939293157,2016-07-22
1134111.9925620735,20160725,-0.002219453953697159,2016-07-25
1130359.5751195787,20160726,-0.0033086833285465023,2016-07-26
1133822.2216248035,20160727,0.0030633141713851675,2016-07-27
1133813.1923894202,20160728,-7.96353714982434e-06,2016-07-28
1134060.1433830457,20160729,0.0002178057155122204,2016-07-29
1137686.275454836,20160801,0.0031974777466150517,2016-08-01
1131746.3146785875,20160802,-0.005221088541191854,2016-08-02
1133235.316998999,20160803,0.0013156679205397204,2016-08-03
1133307.4907240325,20160804,6.36882066336053e-05,2016-08-04
1143243.9734107389,20160805,0.008767684646960427,2016-08-05
1143022.4398204056,20160808,-0.00019377630277150892,2016-08-08
1143354.578331652,20160809,0.00029057916946828577,2016-08-09
1143271.2347751989,20160810,-7.28938843931326e-05,2016-08-10
1152390.7556561562,20160811,0.007976690573126,2016-08-11
1150367.090541564,20160812,-0.0017560580945826798,2016-08-12
1152359.352817747,20160815,0.001731849157163623,2016-08-15
1143729.270945301,20160816,-0.007489054392055494,2016-08-16
1146511.1988777136,20160817,0.002432330799852167,2016-08-17
1146928.4202262517,20160818,0.000363905166339773,2016-08-18
1148520.0011208695,20160819,0.001387689821396032,2016-08-19
1144961.2563839962,20160822,-0.0030985483347266696,2016-08-22
1149399.5137362825,20160823,0.003876338459087414,2016-08-23
1147761.9368687535,20160824,-0.0014247238214029068,2016-08-24
1145924.097921031,20160825,-0.0016012370585631874,2016-08-25
1144444.691798593,20160826,-0.0012910158056036458,2016-08-26
1150237.751312339,20160829,0.005061895568445385,2016-08-29
1147698.042523323,20160830,-0.002207985945617108,2016-08-30
1145454.8109408915,20160831,-0.001954548582743576,2016-08-31
1148498.1242864376,20160901,0.0026568602414323017,2016-09-01
1150133.5294993129,20160902,0.0014239511395730542,2016-09-02
1150393.792583679,20160906,0.00022628945047764581,2016-09-06
1149239.4920986162,20160907,-0.0010033959610217247,2016-09-07
1143863.8036400648,20160908,-0.004677605055787737,2016-09-08
1123187.475291405,20160909,-0.01807586557321106,2016-09-09
1138007.257509323,20160912,0.013194397679757719,2016-09-12
1121859.8577980616,20160913,-0.014189188693402688,2016-09-13
1119437.7699762618,20160914,-0.00215899321556412,2016-09-14
1129240.3937627175,20160915,0.008756738471191294,2016-09-15
1124280.4687967373,20160916,-0.004392266689516311,2016-09-16
1123231.047355652,20160919,-0.0009334160560561244,2016-09-19
1125037.8342424338,20160920,0.0016085620950696544,2016-09-20
1134430.0947333472,20160921,0.008348395231737138,2016-09-21
1139413.1043381551,20160922,0.004392522402166366,2016-09-22
1129262.7430041567,20160923,-0.008908411966961127,2016-09-23
1115477.7861206203,20160926,-0.012207041247871642,2016-09-26
1127668.1256929925,20160927,0.010928357089716068,2016-09-27
1122777.5627460235,20160928,-0.0043368814241898646,2016-09-28
1105596.356433906,20160929,-0.015302413302682005,2016-09-29
1114824.2664504736,20160930,0.008346545249418469,2016-09-30
1114824.2664504736,20161003,0.0,2016-10-03
1108015.1283962645,20161004,-0.006107812916459787,2016-10-04
1115166.1803218997,20161005,0.006453929862840102,2016-10-05
1113857.949798734,20161006,-0.0011731260741678629,2016-10-06
1117540.3377427673,20161007,0.0033059762644767066,2016-10-07
1121375.8360420228,20161010,0.003432089357062962,2016-10-10
1108207.655885924,20161011,-0.011742878464883755,2016-10-11
1111244.6435232912,20161012,0.0027404499700369733,2016-10-12
1106993.8497807195,20161013,-0.0038252546523817044,2016-10-13
1109124.6360846867,20161014,0.0019248402368172712,2016-10-14
1103994.7031209308,20161017,-0.004625208742874087,2016-10-17
1110562.6486351043,20161018,0.00594925455312989,2016-10-18
1108563.9531085396,20161019,-0.0017997143421140116,2016-10-19
1111917.914004227,20161020,0.0030255005913573108,2016-10-20
1115373.2913316144,20161021,0.0031075831083104966,2016-10-21
1119968.629937342,20161024,0.004120000578677452,2016-10-24
1116689.5207547264,20161025,-0.0029278580622378314,2016-10-25
1119229.1620365,20161026,0.0022742590796922535,2016-10-26
1119261.8883366978,20161027,2.924003529214403e-05,2016-10-27
1116227.9428943172,20161028,-0.002710666264969741,2016-10-28
1120718.6846180928,20161031,0.00402314039203433,2016-10-31
1115266.019541272,20161101,-0.004865328964046789,2016-11-01
1111432.4179891655,20161102,-0.003437387569365069,2016-11-02
1104970.964368414,20161103,-0.005813627096141305,2016-11-03
1099509.4176921148,20161104,-0.004942706055105051,2016-11-04
1125396.648505716,20161107,0.023544346594082555,2016-11-07
1128535.172697318,20161108,0.002788816010576678,2016-11-08
1151000.5913872533,20161109,0.019906706705685062,2016-11-09
1160595.5549072186,20161110,0.008336193388398527,2016-11-10
1166360.5935280614,20161111,0.00496731061606015,2016-11-11
1187653.7868070446,20161114,0.018256097983021302,2016-11-14
1197326.558346861,20161115,0.008144437080288558,2016-11-15
1187502.5853641534,20161116,-0.008204923639438477,2016-11-16
1195997.155836893,20161117,0.00715330692954641,2016-11-17
1194750.502534155,20161118,-0.0010423547385993714,2016-11-18
1200735.303530268,20161121,0.00500924752357812,2016-11-21
1201733.7674068206,20161122,0.0008315436996122472,2016-11-22
1202966.1024689237,20161123,0.0010254642879532483,2016-11-23
1206312.5722957938,20161125,0.0027818488151927223,2016-11-25
1209261.9125341552,20161128,0.0024449220758333556,2016-11-28
1206792.5667732756,20161129,-0.0020420272360226477,2016-11-29
1209558.1677468244,20161130,0.0022916953996026113,2016-11-30
1216656.359543356,20161201,0.005868417068154885,2016-12-01
1214981.4369991247,20161202,-0.0013766603290185087,2016-12-02
1229773.6276427214,20161205,0.012174828514361469,2016-12-05
1234806.489997515,20161206,0.004092511208295013,2016-12-06
1250622.0367971747,20161207,0.012808117650638273,2016-12-07
1259794.4045603315,20161208,0.007334244474571205,2016-12-08
1272739.982914366,20161209,0.010275945271048137,2016-12-09
1265572.9181721632,20161212,-0.0056312089180945435,2016-12-12
1273828.766493582,20161213,0.0065234078596929645,2016-12-13
1267788.194832825,20161214,-0.004742059387922715,2016-12-14
1275873.9709411138,20161215,0.00637786038807131,2016-12-15
1270934.9620270457,20161216,-0.0038710789831577497,2016-12-16
1272335.6927415454,20161219,0.0011021261955572736,2016-12-19
1280593.2700177515,20161220,0.006490093238218586,2016-12-20
1276469.9771649174,20161221,-0.0032198301751007463,2016-12-21
1272462.788921002,20161222,-0.0031392733989837884,2016-12-22
1272860.3892189108,20161223,0.00031246516705296656,2016-12-23
1274160.50998632,20161227,0.0010214166285802406,2016-12-27
1266063.359482014,20161228,-0.006354890487378917,2016-12-28
1264771.4169481583,20161229,-0.0010204406629257257,2016-12-29
1259858.143514149,20161230,-0.0038847125798153748,2016-12-30
1259858.143514149,20170103,0.0,2017-01-03
1262615.2851419451,20170104,0.002188454027137965,2017-01-04
1261299.961481125,20170105,-0.0010417453964784995,2017-01-05
1266494.952927667,20170106,0.00411875969649711,2017-01-06
1260229.5717377358,20170109,-0.004947024206806261,2017-01-09
1258039.124618835,20170110,-0.0017381334068207188,2017-01-10
1269437.823722743,20170111,0.00906068728773568,2017-01-11
1265533.818002537,20170112,-0.003075381595891935,2017-01-12
1265081.0193491788,20170113,-0.0003577926144027188,2017-01-13
1259532.5380446538,20170117,-0.004385870327403452,2017-01-17
1258921.1593316589,20170118,-0.00048540128541985084,2017-01-18
1251435.3592144758,20170119,-0.005946202477966955,2017-01-19
1251171.1722425222,20170120,-0.00021110716587025014,2017-01-20
1249575.4163195577,20170123,-0.001275409758765833,2017-01-23
1257019.0434092197,20170124,0.005956925042256422,2017-01-24
1268212.1063764463,20170125,0.008904449798047054,2017-01-25
1267396.011824445,20170126,-0.0006435000485313092,2017-01-26
1266758.692822963,20170127,-0.0005028570356353512,2017-01-27
1259191.1649328575,20170130,-0.005973930104431591,2017-01-30
1251871.979830132,20170131,-0.005812608368416905,2017-01-31
1247059.778578697,20170201,-0.003844004282361313,2017-02-01
1248159.3749000907,20170202,0.0008817510918739391,2017-02-02
1264751.7468331575,20170203,0.013293472185308852,2017-02-03
1263371.530132926,20170206,-0.0010912945593373191,2017-02-06
1266242.5540628878,20170207,0.0022725095994997613,2017-02-07
1264240.1527295257,20170208,-0.0015813726421822771,2017-02-08
1265199.6884962693,20170209,0.0007589821954887555,2017-02-09
1266554.6987356276,20170210,0.0010709852774060113,2017-02-10
1274541.3162689134,20170213,0.006305781772598218,2017-02-13
1279971.457814343,20170214,0.0042604672568211654,2017-02-14
1284773.7307636335,20170215,0.003751859402779667,2017-02-15
1292368.351660072,20170216,0.00591125169715645,2017-02-16
1294916.9530961758,20170217,0.001972039498514544,2017-02-17
1301131.8277822742,20170221,0.004799438814387713,2017-02-21
1300996.3309574437,20170222,-0.00010413766071770691,2017-02-22
1304420.4653572238,20170223,0.0026319324031145452,2017-02-23
1303778.961080813,20170224,-0.0004917925572679449,2017-02-24
1300884.4723812202,20170227,-0.0022200762445141464,2017-02-27
1300611.897977262,20170228,-0.00020953006185031597,2017-02-28
1316152.0575689743,20170301,0.01194834494123942,2017-03-01
1311240.985880069,20170302,-0.003731386248771673,2017-03-02
1311014.311292554,20170303,-0.0001728702732418652,2017-03-03
1305829.0422599055,20170306,-0.003955158222137434,2017-03-06
1303861.9066797532,20170307,-0.0015064265814979105,2017-03-07
1300729.9664331323,20170308,-0.002402049044132548,2017-03-08
1302791.4624066448,20170309,0.0015848762054475607,2017-03-09
1305053.1568120804,20170310,0.0017360371714882916,2017-03-10
1300634.7720445727,20170313,-0.0033855975478429556,2017-03-13
1298865.4091051563,20170314,-0.0013603841581407705,2017-03-14
1302380.2493663614,20170315,0.002706085046661366,2017-03-15
1302731.2625471656,20170316,0.00026951666456476175,2017-03-16
1301289.590868265,20170317,-0.0011066531681153124,2017-03-17
1299258.0430780293,20170320,-0.001561180389432093,2017-03-20
1286150.0385579308,20170321,-0.010088838464332062,2017-03-21
1287739.5493192405,20170322,0.0012358672889298816,2017-03-22
1285134.0002229216,20170323,-0.0020233509933715865,2017-03-23
1283209.6579668208,20170324,-0.001497386463798378,2017-03-24
1284782.014581503,20170327,0.0012253310321663768,2017-03-27
1291947.4832881114,20170328,0.005577186343896923,2017-03-28
1290182.7811594603,20170329,-0.0013659240421752816,2017-03-29
1295460.9511281098,20170330,0.004091024966172752,2017-03-30
1291490.3505242968,20170331,-0.003065009871857094,2017-03-31
1289955.4383732914,20170403,-0.0011884813157002627,2017-04-03
1289955.4383732914,20170404,0.0,2017-04-04
1286257.9130951816,20170405,-0.0028663976817467907,2017-04-05
1288219.4952365826,20170406,0.001525030183628484,2017-04-06
1287463.6383702122,20170407,-0.0005867454026005081,2017-04-07
1287721.8582425823,20170410,0.0002005647885303663,2017-04-10
1288853.1287834663,20170411,0.0008785053493056694,2017-04-11
1287708.553565903,20170412,-0.0008880571354500377,2017-04-12
1279362.1417497562,20170413,-0.0064816000429865905,2017-04-13
1290212.6370959615,20170417,0.008481175886106307,2017-04-17
1291668.5695842626,20170418,0.0011284438289009824,2017-04-18
1288421.5381247334,20170419,-0.002513827103940658,2017-04-19
1296397.4680579624,20170420,0.006190466161282826,2017-04-20
1294937.823563866,20170421,-0.0011259235921549093,2017-04-21
1310536.4596482073,20170424,0.012045857183637931,2017-04-24
1331207.443532908,20170425,0.01577291782500234,2017-04-25
1331067.6874492532,20170426,-0.00010498445177264948,2017-04-26
1328235.3020372058,20170427,-0.0021279048682153467,2017-04-27
1325396.0283773134,20170428,-0.0021376285177314713,2017-04-28
1329576.817438849,20170501,0.0031543696917926134,2017-05-01
1328247.2724829416,20170502,-0.000999976036336503,2017-05-02
1327780.7400565348,20170503,-0.0003512391375249946,2017-05-03
1327601.2223221986,20170504,-0.00013520133928779376,2017-05-04
1328327.4582866258,20170505,0.0005470286952258263,2017-05-05
1328241.516807374,20170508,-6.469901583050497e-05,2017-05-08
1327886.7725221114,20170509,-0.00026707814864523893,2017-05-09
1327886.7725221114,20170510,0.0,2017-05-10
1327886.7725221114,20170511,0.0,2017-05-11
1327624.508056258,20170512,-0.0001975051422157259,2017-05-12
1327525.609582147,20170515,-7.449280539106873e-05,2017-05-15
1327525.609582147,20170516,0.0,2017-05-16
1327525.609582147,20170517,0.0,2017-05-17
1327525.609582147,20170518,0.0,2017-05-18
1327525.609582147,20170519,0.0,2017-05-19
1327525.609582147,20170522,0.0,2017-05-22
1327449.2779386174,20170523,-5.749918719366587e-05,2017-05-23
1327749.4196333988,20170524,0.00022610407777490238,2017-05-24
1327592.7094363624,20170525,-0.00011802693694995536,2017-05-25
1327663.6629580716,20170526,5.344524808315043e-05,2017-05-26
1327351.2406662994,20170530,-0.00023531734767534562,2017-05-30
1327511.2095782133,20170531,0.00012051739359786318,2017-05-31
1328216.5285155368,20170601,0.0005313092139898057,2017-06-01
1329797.3803345556,20170602,0.0011902064046633853,2017-06-02
1329123.2745996292,20170605,-0.000506923644831403,2017-06-05
1327379.7439191805,20170606,-0.0013117900451889986,2017-06-06
1327799.2077384542,20170607,0.00031600890490857125,2017-06-07
1327072.1977872602,20170608,-0.0005475300383951387,2017-06-08
1330818.447409568,20170609,0.0028229433398982984,2017-06-09
1330107.230957745,20170612,-0.000534420343516584,2017-06-12
1332835.2039261677,20170613,0.002050942138295264,2017-06-13
1332621.770705375,20170614,-0.00016013474146248097,2017-06-14
1332103.3466947726,20170615,-0.0003890256200210773,2017-06-15
1332060.9443864762,20170616,-3.1831095088530326e-05,2017-06-16
1339111.6826820052,20170619,0.0052931048877620235,2017-06-19
1336933.6428835215,20170620,-0.001626481067002139,2017-06-20
1335227.7242664176,20170621,-0.0012759934841826137,2017-06-21
1334884.2926391128,20170622,-0.0002572082807024145,2017-06-22
1337817.522527527,20170623,0.0021973663969145907,2017-06-23
1338325.243459443,20170626,0.000379514338365583,2017-06-26
1331900.0124151336,20170627,-0.004800948854331466,2017-06-27
1337976.422289423,20170628,0.004562211740858135,2017-06-28
1324562.4842142165,20170629,-0.010025541445830344,2017-06-29
1330217.3829113338,20170630,0.004269257784748515,2017-06-30
1338233.7196536912,20170703,0.0060263358796384114,2017-07-03
1338233.7196536912,20170705,0.0,2017-07-05
1325387.8431219074,20170706,-0.009599127822835007,2017-07-06
1331297.6133242922,20170707,0.004458898754091889,2017-07-07
1335911.5551762015,20170710,0.003465747858127699,2017-07-10
1336980.428057136,20170711,0.0008001075196879537,2017-07-11
1349327.6207511998,20170712,0.00923513346564575,2017-07-12
1345206.7575426018,20170713,-0.0030540123430541355,2017-07-13
1354807.7252512176,20170714,0.007137168806789829,2017-07-14
1353284.958146174,20170717,-0.0011239728536101001,2017-07-17
1349592.2833401628,20170718,-0.002728674979931567,2017-07-18
1357459.8583194166,20170719,0.005829593927272558,2017-07-19
1355643.2153125,20170720,-0.001338266465695459,2017-07-20
1356977.3504462142,20170721,0.000984134408408277,2017-07-21
1358091.5887855303,20170724,0.0008211178609205394,2017-07-24
1373125.9106495923,20170725,0.011070182591666367,2017-07-25
1383602.501145932,20170726,0.0076297376774308034,2017-07-26
1392385.0199667434,20170727,0.00634757368069061,2017-07-27
1390992.644001812,20170728,-0.0009999934967446222,2017-07-28
1390766.761072763,20170731,-0.0001623897365834459,2017-07-31
1391146.986001342,20170801,0.0002733923035993513,2017-08-01
1393002.6475560633,20170802,0.00133390761249097,2017-08-02
1393574.0463386353,20170803,0.000410192172695778,2017-08-03
1393360.7674449873,20170804,-0.00015304453624709335,2017-08-04
1394069.7831363128,20170807,0.0005088529172712075,2017-08-07
1391506.3346585971,20170808,-0.0018388236433535265,2017-08-08
1387454.8520019113,20170809,-0.0029115804619602725,2017-08-09
1380429.937776365,20170810,-0.005063165994489971,2017-08-10
1381653.42985611,20170811,0.0008863123337614631,2017-08-11
1390858.8206129458,20170814,0.00666259031238714,2017-08-14
1391836.8450885154,20170815,0.000703180266088177,2017-08-15
1395653.8052670725,20170816,0.0027423905266097393,2017-08-16
1379756.8457842572,20170817,-0.011390331486806904,2017-08-17
1377757.2919068905,20170818,-0.001449207433524391,2017-08-18
1379484.4017804393,20170821,0.0012535661278616494,2017-08-21
1391308.129323653,20170822,0.008571120868023696,2017-08-22
1384697.825134926,20170823,-0.004751143222271215,2017-08-23
1380193.5514145505,20170824,-0.00325289289736308,2017-08-24
1380996.5043413597,20170825,0.0005817683512476801,2017-08-25
1379881.2278539457,20170828,-0.0008075882045378568,2017-08-28
1387355.8029140842,20170829,0.005416824947871213,2017-08-29
1390858.01970162,20170830,0.0025243825557796917,2017-08-30
1393325.590799887,20170831,0.001774135866719373,2017-08-31
1392253.2231633554,20170901,-0.0007696461212026717,2017-09-01
1376772.102310018,20170905,-0.011119472087241844,2017-09-05
1374101.8621473885,20170906,-0.0019394932234239048,2017-09-06
1379469.5003119758,20170907,0.003906288400045588,2017-09-07
1382658.5505865477,20170908,0.0023117946963311375,2017-09-08
1396586.5842398007,20170911,0.010073371800539244,2017-09-11
1398698.0347235848,20170912,0.0015118650770467035,2017-09-12
1400838.2563950482,20170913,0.0015301527694548955,2017-09-13
1405741.9977840546,20170914,0.0035005764345883428,2017-09-14
1413205.770946439,20170915,0.005309490058737598,2017-09-15
1419214.809117683,20170918,0.004252061727160861,2017-09-18
1423890.3768944384,20170919,0.003294475048257306,2017-09-19
1429727.040108397,20170920,0.004099095905605088,2017-09-20
1425932.56530494,20170921,-0.0026539854790528228,2017-09-21
1427080.966543497,20170922,0.0008053685472224625,2017-09-22
1420013.4281207016,20170925,-0.004952443896658276,2017-09-25
1416078.9169909728,20170926,-0.0027707562842809175,2017-09-26
1420088.3898905965,20170927,0.00283139085789319,2017-09-27
1423809.8370202996,20170928,0.0026205742939633403,2017-09-28
1423244.2314371886,20170929,-0.0003972479810188112,2017-09-29
1429226.5849508496,20171002,0.004203321806279137,2017-10-02
1429226.5849508496,20171003,0.0,2017-10-03
1436073.9508691975,20171004,0.004790958963713399,2017-10-04
1444460.6590960184,20171005,0.005840025314674646,2017-10-05
1444775.9625836331,20171006,0.0002182845795275501,2017-10-06
1446762.9723618347,20171009,0.0013753065040258416,2017-10-09
1454028.1538165126,20171010,0.005021680533347839,2017-10-10
1456905.9968427224,20171011,0.001979220979082319,2017-10-11
1461587.6397495149,20171012,0.0032134145352809007,2017-10-12
1463484.6262333507,20171013,0.0012978944486428112,2017-10-13
1467682.5600034513,20171016,0.0028684508841785306,2017-10-16
1465802.993659308,20171017,-0.0012806354693885025,2017-10-17
1471272.632851611,20171018,0.003731496808208945,2017-10-18
1474832.0286917698,20171019,0.0024192632695547722,2017-10-19
1483145.8501361434,20171020,0.005637131064849532,2017-10-20
1480407.214475918,20171023,-0.0018465046171783905,2017-10-23
1497064.162988606,20171024,0.0112515991207085,2017-10-24
1488500.9685540306,20171025,-0.005719991598409857,2017-10-25
1486960.1957034944,20171026,-0.0010351171299760598,2017-10-26
1491379.3624236437,20171027,0.00297194688393021,2017-10-27
1486935.5688662042,20171030,-0.002979653379551861,2017-10-30
1486392.2934274368,20171031,-0.00036536582360569003,2017-10-31
1491369.789999325,20171101,0.0033487098889692923,2017-11-01
1498449.472638728,20171102,0.004747100743810906,2017-11-02
1495659.8418394604,20171103,-0.0018616782548931399,2017-11-03
1493937.8939060175,20171106,-0.0011512964948802162,2017-11-06
1499467.990544457,20171107,0.0037016911218314963,2017-11-07
1498963.387139301,20171108,-0.0003365216252283476,2017-11-08
1491706.0071529266,20171109,-0.004841599233604166,2017-11-09
1491844.6195463678,20171110,9.292205888855598e-05,2017-11-10
1490482.3638027064,20171113,-0.0009131351387490216,2017-11-13
1494090.8425105065,20171114,0.00242101402568351,2017-11-14
1481160.8494283394,20171115,-0.008654087632610774,2017-11-15
1486328.9228685915,20171116,0.003489204729011597,2017-11-16
1479729.444132879,20171117,-0.004440119972216938,2017-11-17
1483458.3260648055,20171120,0.0025199754905949057,2017-11-20
1493557.6315131043,20171121,0.006807946856915992,2017-11-21
1490629.0912199577,20171122,-0.0019607815804065787,2017-11-22
1489244.5164676274,20171124,-0.000928852630399879,2017-11-24
1491367.382475095,20171127,0.0014254650488847442,2017-11-27
1511157.6241743397,20171128,0.013269863570705365,2017-11-28
1514409.1192746027,20171129,0.0021516584691418927,2017-11-29
1538874.0649149911,20171130,0.016154779662253427,2017-11-30
1533976.46690196,20171201,-0.003182585323056708,2017-12-01
1534188.947238922,20171204,0.0001385160343372327,2017-12-04
1523447.1490862267,20171205,-0.007001613570497445,2017-12-05
1527037.615620894,20171206,0.002356804131223633,2017-12-06
1528005.3143319995,20171207,0.0006337098059709945,2017-12-07
1538462.797687154,20171208,0.006843878916563906,2017-12-08
1543408.0154908514,20171211,0.0032143889414366633,2017-12-11
1548817.3398420855,20171212,0.003504792185178518,2017-12-12
1554781.870726132,20171213,0.0038510227969521527,2017-12-13
1545565.946729011,20171214,-0.00592747070868338,2017-12-14
1558286.8565286845,20171215,0.008230583642578226,2017-12-15
1565076.959660692,20171218,0.004357415390856545,2017-12-18
1564084.3169395027,20171219,-0.0006342453098309164,2017-12-19
1564389.7927354155,20171220,0.00019530647587506778,2017-12-20
1570937.2031247378,20171221,0.004185280688819848,2017-12-21
1569226.3207203364,20171222,-0.0010890838927223312,2017-12-22
1573243.7628376246,20171226,0.002560141940165739,2017-12-26
1573697.2761766836,20171227,0.0002882664147614289,2017-12-27
1574762.262338808,20171228,0.0006767414408390682,2017-12-28
1569182.1623827205,20171229,-0.003543455472320045,2017-12-29
1580060.0835413162,20180102,0.006932223306743479,2018-01-02
1580060.0835413162,20180103,0.0,2018-01-03
1584788.6150590729,20180104,0.0029926276646130567,2018-01-04
1596877.5033401628,20180105,0.007628076177616405,2018-01-05
1595280.6360698869,20180108,-0.000999993591828896,2018-01-08
1595280.6360698869,20180109,0.0,2018-01-09
1595280.6360698869,20180110,0.0,2018-01-10
1595280.6360698869,20180111,0.0,2018-01-11
1595280.6360698869,20180112,0.0,2018-01-12
1595280.6360698869,20180116,0.0,2018-01-16
1595280.6360698869,20180117,0.0,2018-01-17
1595280.6360698869,20180118,0.0,2018-01-18
1595280.6360698869,20180119,0.0,2018-01-19
1595280.6360698869,20180122,0.0,2018-01-22
1595280.6360698869,20180123,0.0,2018-01-23
1595280.6360698869,20180124,0.0,2018-01-24
1595280.6360698869,20180125,0.0,2018-01-25
1595280.6360698869,20180126,0.0,2018-01-26
1595280.6360698869,20180129,0.0,2018-01-29
1595280.6360698869,20180130,0.0,2018-01-30
1595280.6360698869,20180131,0.0,2018-01-31
1595280.6360698869,20180201,0.0,2018-02-01
1595280.6360698869,20180202,0.0,2018-02-02
1595280.6360698869,20180205,0.0,2018-02-05
1595280.6360698869,20180206,0.0,2018-02-06
1595280.6360698869,20180207,0.0,2018-02-07
1595280.6360698869,20180208,0.0,2018-02-08
1595280.6360698869,20180209,0.0,2018-02-09
1595280.6360698869,20180212,0.0,2018-02-12
1595280.6360698869,20180213,0.0,2018-02-13
1595280.6360698869,20180214,0.0,2018-02-14
1595280.6360698869,20180215,0.0,2018-02-15
1595280.6360698869,20180216,0.0,2018-02-16
1595280.6360698869,20180220,0.0,2018-02-20
1595280.6360698869,20180221,0.0,2018-02-21
1595280.6360698869,20180222,0.0,2018-02-22
1595280.6360698869,20180223,0.0,2018-02-23
1595280.6360698869,20180226,0.0,2018-02-26
1595280.6360698869,20180227,0.0,2018-02-27
1595280.6360698869,20180228,0.0,2018-02-28
1595280.6360698869,20180301,0.0,2018-03-01
1595280.6360698869,20180302,0.0,2018-03-02
1595280.6360698869,20180305,0.0,2018-03-05
1595280.6360698869,20180306,0.0,2018-03-06
1595280.6360698869,20180307,0.0,2018-03-07
1595280.6360698869,20180308,0.0,2018-03-08
1595280.6360698869,20180309,0.0,2018-03-09
1595280.6360698869,20180312,0.0,2018-03-12
1595280.6360698869,20180313,0.0,2018-03-13
1595280.6360698869,20180314,0.0,2018-03-14
1595280.6360698869,20180315,0.0,2018-03-15
1595280.6360698869,20180316,0.0,2018-03-16
1593209.6342154853,20180319,-0.0012982053486862988,2018-03-19
1593498.7423488405,20180320,0.00018146270719587854,2018-03-20
1592099.9625013208,20180321,-0.0008778041741394071,2018-03-21
1582255.397255226,20180322,-0.0061833838816427455,2018-03-22
1574669.314934175,20180323,-0.004794473973172009,2018-03-23
1589441.6200948493,20180326,0.009381211039406034,2018-03-26
1578460.892276914,20180327,-0.0069085442831677835,2018-03-27
1575848.0864616209,20180328,-0.0016552870128598851,2018-03-28
1584666.7061780714,20180329,0.005596110305436719,2018-03-29
1569809.5645638634,20180402,-0.00937556241718529,2018-04-02
1581997.7790138284,20180403,0.007764135679317885,2018-04-03
1592770.372850434,20180404,0.006809487332732456,2018-04-04
1592770.372850434,20180405,0.0,2018-04-05
1578384.2148526958,20180406,-0.009032160720061966,2018-04-06
1583009.9525726235,20180409,0.0029306791568233237,2018-04-09
1603051.542247533,20180410,0.012660431883159795,2018-04-10
1594164.8676964256,20180411,-0.005543598765793911,2018-04-11
1611875.657476047,20180412,0.01110976043852574,2018-04-12
1603516.818515419,20180413,-0.005185783978968184,2018-04-13
1611102.121547299,20180416,0.004730416883873101,2018-04-16
1619517.5187964598,20180417,0.005223379161761965,2018-04-17
1607513.894897678,20180418,-0.007411851838257544,2018-04-18
1595817.3534548637,20180419,-0.0072761681749312634,2018-04-19
1594422.3123530075,20180420,-0.0008741859454253209,2018-04-20
1594422.3123530075,20180423,0.0,2018-04-23
1594422.3123530075,20180424,0.0,2018-04-24
1594422.3123530075,20180425,0.0,2018-04-25
1594422.3123530075,20180426,0.0,2018-04-26
1594422.3123530075,20180427,0.0,2018-04-27
1594422.3123530075,20180430,0.0,2018-04-30
1594422.3123530075,20180501,0.0,2018-05-01
1594422.3123530075,20180502,0.0,2018-05-02
1594422.3123530075,20180503,0.0,2018-05-03
1594422.3123530075,20180504,0.0,2018-05-04
1594422.3123530075,20180507,0.0,2018-05-07
1594422.3123530075,20180508,0.0,2018-05-08
1594422.3123530075,20180509,0.0,2018-05-09
1594422.3123530075,20180510,0.0,2018-05-10
1594422.3123530075,20180511,0.0,2018-05-11
1594422.3123530075,20180514,0.0,2018-05-14
1594422.3123530075,20180515,0.0,2018-05-15
1594627.708980068,20180516,0.0001288219723654116,2018-05-16
1594519.083949331,20180517,-6.811936737671775e-05,2018-05-17
1594511.115856171,20180518,-4.997176415333371e-06,2018-05-18
1596554.2197233094,20180521,0.0012813356061438519,2018-05-21
1595442.9729196583,20180522,-0.0006960282274933727,2018-05-22
1595532.1435927162,20180523,5.58908557506399e-05,2018-05-23
1593520.1143945477,20180524,-0.0012610395887343584,2018-05-24
1592145.4891252555,20180525,-0.0008626344009560194,2018-05-25
1585076.9818070475,20180529,-0.004439611434060242,2018-05-29
1592084.9164947586,20180530,0.0044211951647432635,2018-05-30
1585267.6190366326,20180531,-0.004281993622008207,2018-05-31
1591712.725157176,20180601,0.004065626549831336,2018-06-01
1596569.044803735,20180604,0.0030510025897290127,2018-06-04
1595305.35874803,20180605,-0.0007915010376895459,2018-06-05
1608243.9746038215,20180606,0.008110432140681523,2018-06-06
1614844.9447990586,20180607,0.004104458216212636,2018-06-07
1618098.3934869033,20180608,0.0020147127427454503,2018-06-08
1617758.3325122795,20180611,-0.00021016087525493887,2018-06-11
1616099.0772430326,20180612,-0.0010256508873424108,2018-06-12
1605877.2669255282,20180613,-0.006324989885485355,2018-06-13
1602385.1370083864,20180614,-0.0021745932824788206,2018-06-14
1596623.6877376984,20180615,-0.0035955458757215286,2018-06-15
1590598.07041834,20180618,-0.003773974647649392,2018-06-18
1572884.8886430394,20180619,-0.011136177080009801,2018-06-19
1569508.840097196,20180620,-0.002146405353767533,2018-06-20
1561301.1437175302,20180621,-0.005229468079426369,2018-06-21
1563971.7768560825,20180622,0.001710517634153197,2018-06-22
1542169.1853770027,20180625,-0.013940527445391426,2018-06-25
1546430.5713026978,20180626,0.0027632415211651384,2018-06-26
1538647.0421589613,20180627,-0.005033222498427303,2018-06-27
1551918.9455386624,20180628,0.008625697132643495,2018-06-28
1550122.4969069678,20180629,-0.0011575660164848678,2018-06-29
1548572.384419588,20180702,-0.000999993542750932,2018-07-02
1548572.384419588,20180703,0.0,2018-07-03
1548572.384419588,20180705,0.0,2018-07-05
1549043.8344118004,20180706,0.0003044416889748103,2018-07-06
1553374.374679948,20180709,0.0027956215130555684,2018-07-09
1555746.7518588193,20180710,0.00152724109367397,2018-07-10
1551771.5757845729,20180711,-0.0025551562743080236,2018-07-11
1557261.9265346087,20180712,0.003538117874894109,2018-07-12
1562268.8773835115,20180713,0.0032152271648000497,2018-07-13
1564688.7020737887,20180716,0.0015489169152047566,2018-07-16
1561725.7583084817,20180717,-0.0018936314689178557,2018-07-17
1568441.3669227045,20180718,0.004300120285841036,2018-07-18
1559184.8200721818,20180719,-0.005901748733319945,2018-07-19
1562837.5390144184,20180720,0.002342710687798677,2018-07-20
1561436.1130134647,20180723,-0.0008967189269317721,2018-07-23
1567526.7214888392,20180724,0.0039006453255523432,2018-07-24
1583765.2689987214,20180725,0.010359343344692018,2018-07-25
1595230.7531467038,20180726,0.007239383494771934,2018-07-26
1588718.4200231931,20180727,-0.004082376866584747,2018-07-27
1582316.5301434442,20180730,-0.004029593790229602,2018-07-30
1588967.6931833436,20180731,0.00420343396102707,2018-07-31
1580495.876409303,20180801,-0.005331648220655905,2018-08-01
1578915.3946156213,20180802,-0.000999991089677632,2018-08-02
1578915.3946156213,20180803,0.0,2018-08-03
1578915.3946156213,20180806,0.0,2018-08-06
1578915.3946156213,20180807,0.0,2018-08-07
1578915.3946156213,20180808,0.0,2018-08-08
1578915.3946156213,20180809,0.0,2018-08-09
1578915.3946156213,20180810,0.0,2018-08-10
1578915.3946156213,20180813,0.0,2018-08-13
1578915.3946156213,20180814,0.0,2018-08-14
1578915.3946156213,20180815,0.0,2018-08-15
1578915.3946156213,20180816,0.0,2018-08-16
1578915.3946156213,20180817,0.0,2018-08-17
1578915.3946156213,20180820,0.0,2018-08-20
1578915.3946156213,20180821,0.0,2018-08-21
1578915.3946156213,20180822,0.0,2018-08-22
1577927.941810775,20180823,-0.0006253994407893204,2018-08-23
1578895.5958821988,20180824,0.0006132435111791956,2018-08-24
1584811.4631697529,20180827,0.0037468388049106682,2018-08-27
1584150.3781740796,20180828,-0.00041713794418862804,2018-08-28
1583789.327914639,20180829,-0.00022791413265754734,2018-08-29
1577007.2538041803,20180830,-0.00428218197390462,2018-08-30
1576136.058788537,20180831,-0.0005524356426019894,2018-08-31
1576136.058788537,20180904,0.0,2018-09-04
1576133.380897116,20180905,-1.6990230038427256e-06,2018-09-05
1576759.2270923536,20180906,0.0003970769243408778,2018-09-06
1574548.3825948494,20180907,-0.0014021446391540016,2018-09-07
1572432.9868548692,20180910,-0.0013434936413284637,2018-09-10
1573690.5954889916,20180911,0.0007997852020631413,2018-09-11
1572745.345884625,20180912,-0.0006006578466415391,2018-09-12
1572745.345884625,20180913,0.0,2018-09-13
1572745.345884625,20180914,0.0,2018-09-14
1572745.345884625,20180917,0.0,2018-09-17
1574017.3483295217,20180918,0.0008087783875661003,2018-09-18
1573836.124039589,20180919,-0.00011513487454573035,2018-09-19
1575816.0634317254,20180920,0.0012580340239327636,2018-09-20
1577473.422047969,20180921,0.0010517462378409892,2018-09-21
1572860.0048274738,20180924,-0.0029245609821468843,2018-09-24
1571464.776110251,20180925,-0.000887064781951663,2018-09-25
1567041.53746429,20180926,-0.002814723379870876,2018-09-26
1569095.458932322,20180927,0.0013107000796901414,2018-09-27
1568154.5538699296,20180928,-0.0005996480692338491,2018-09-28
1568154.5538699296,20181001,0.0,2018-10-01
1568154.5538699296,20181002,0.0,2018-10-02
1568154.5538699296,20181003,0.0,2018-10-03
1567081.2648185303,20181004,-0.0006844281061140212,2018-10-04
1566908.5091536576,20181005,-0.00011024039962137522,2018-10-05
1566908.5091536576,20181008,0.0,2018-10-08
1566908.5091536576,20181009,0.0,2018-10-09
1566908.5091536576,20181010,0.0,2018-10-10
1566908.5091536576,20181011,0.0,2018-10-11
1567742.3706378324,20181012,0.0005321698614204617,2018-10-12
1567008.5948221332,20181015,-0.00046804617228068945,2018-10-15
1573535.3277473564,20181016,0.004165090700069873,2018-10-16
1574454.1793549592,20181017,0.0005839408822922998,2018-10-17
1573967.7520048204,20181018,-0.00030894982941842564,2018-10-18
1573967.7520048204,20181019,0.0,2018-10-19
1573967.7520048204,20181022,0.0,2018-10-22
1573967.7520048204,20181023,0.0,2018-10-23
1573967.7520048204,20181024,0.0,2018-10-24
1573967.7520048204,20181025,0.0,2018-10-25
1573967.7520048204,20181026,0.0,2018-10-26
1573967.7520048204,20181029,0.0,2018-10-29
1573967.7520048204,20181030,0.0,2018-10-30
1573967.7520048204,20181031,0.0,2018-10-31
1573967.7520048204,20181101,0.0,2018-11-01
1573967.7520048204,20181102,0.0,2018-11-02
1573967.7520048204,20181105,0.0,2018-11-05
1573967.7520048204,20181106,0.0,2018-11-06
1573967.7520048204,20181107,0.0,2018-11-07
1573967.7520048204,20181108,0.0,2018-11-08
1573967.7520048204,20181109,0.0,2018-11-09
1573967.7520048204,20181112,0.0,2018-11-12
1573967.7520048204,20181113,0.0,2018-11-13
1573967.7520048204,20181114,0.0,2018-11-14
1573967.7520048204,20181115,0.0,2018-11-15
1573967.7520048204,20181116,0.0,2018-11-16
1573967.7520048204,20181119,0.0,2018-11-19
1573967.7520048204,20181120,0.0,2018-11-20
1573967.7520048204,20181121,0.0,2018-11-21
1573967.7520048204,20181123,0.0,2018-11-23
1573967.7520048204,20181126,0.0,2018-11-26
1573967.7520048204,20181127,0.0,2018-11-27
1573967.7520048204,20181128,0.0,2018-11-28
1573967.7520048204,20181129,0.0,2018-11-29
1573967.7520048204,20181130,0.0,2018-11-30
1573967.7520048204,20181203,0.0,2018-12-03
1573967.7520048204,20181204,0.0,2018-12-04
1573967.7520048204,20181206,0.0,2018-12-06
1573967.7520048204,20181207,0.0,2018-12-07
1573967.7520048204,20181210,0.0,2018-12-10
1573967.7520048204,20181211,0.0,2018-12-11
1573967.7520048204,20181212,0.0,2018-12-12
1573967.7520048204,20181213,0.0,2018-12-13
1573967.7520048204,20181214,0.0,2018-12-14
1573967.7520048204,20181217,0.0,2018-12-17
1573967.7520048204,20181218,0.0,2018-12-18
1573967.7520048204,20181219,0.0,2018-12-19
1573967.7520048204,20181220,0.0,2018-12-20
1573967.7520048204,20181221,0.0,2018-12-21
1573967.7520048204,20181224,0.0,2018-12-24
1579668.966766409,20181226,0.003622192865341045,2018-12-26
1579537.062252677,20181227,-8.35013642143112e-05,2018-12-27
1579537.062252677,20181228,0.0,2018-12-28
1579537.062252677,20181231,0.0,2018-12-31
1579537.062252677,20190102,0.0,2019-01-02
1579537.062252677,20190103,0.0,2019-01-03
1579537.062252677,20190104,0.0,2019-01-04
1580304.714450478,20190107,0.0004859982181781852,2019-01-07
1583803.2256615048,20190108,0.002213820650559306,2019-01-08
1585459.372969792,20190109,0.0010456774436706784,2019-01-09
1587212.8309710445,20190110,0.0011059621149218657,2019-01-10
1586323.0244582314,20190111,-0.000560609450383942,2019-01-11
1581534.6246046769,20190114,-0.003018552829232135,2019-01-14
1583431.7408619276,20190115,0.0011995413996863658,2019-01-15
1581766.5852432956,20190116,-0.0010516118729093638,2019-01-16
1591871.0135499253,20190117,0.006388065344720584,2019-01-17
1612227.3416262118,20190118,0.01278767431721195,2019-01-18
1592956.778698987,20190122,-0.011952757796420244,2019-01-22
1607163.8922650756,20190123,0.008918706242420305,2019-01-23
1605525.4344483246,20190124,-0.0010194715203822868,2019-01-24
1614624.654289042,20190125,0.005667440481155639,2019-01-25
1599282.698353568,20190128,-0.009501871468839629,2019-01-28
1601702.451858181,20190129,0.001513024249623962,2019-01-29
1617842.5053146472,20190130,0.010076811356404924,2019-01-30
1608490.922906325,20190131,-0.005780279834163182,2019-01-31
1608774.9389615003,20190201,0.0001765729921945347,2019-02-01
1613881.8716295217,20190204,0.0031744233107695585,2019-02-04
1623338.1550813308,20190205,0.00585934052426107,2019-02-05
1615353.671477019,20190206,-0.004918558452728372,2019-02-06
1601466.943410969,20190207,-0.008596710622109427,2019-02-07
1599627.8757848088,20190208,-0.00114836440035615,2019-02-08
1597172.4617746042,20190211,-0.001534990760898025,2019-02-11
1619210.3348307728,20190212,0.013798054739613042,2019-02-12
1628054.935580386,20190213,0.0054622926740013344,2019-02-13
1619832.616758784,20190214,-0.005050393965158717,2019-02-14
1648562.6430338416,20190215,0.017736416699982938,2019-02-15
1649341.35089329,20190219,0.00047235563825176463,2019-02-19
1655020.8731676396,20190220,0.0034435092961644376,2019-02-20
1654722.1033222196,20190221,-0.00018052330956297435,2019-02-21
1663864.4501375137,20190222,0.005525004347822993,2019-02-22
1665337.906624777,20190225,0.0008855628156136941,2019-02-25
1662080.811178391,20190226,-0.0019558165543636097,2019-02-26
1657507.7536884358,20190227,-0.002751405021464093,2019-02-27
1654482.4836190152,20190228,-0.0018251921070585597,2019-02-28
1660345.760479658,20190301,0.003543873639458184,2019-03-01
1655909.2729134157,20190304,-0.002672026316350218,2019-03-04
1651282.7041053283,20190305,-0.0027939748171995626,2019-03-05
1645633.31049646,20190306,-0.0034212152739341306,2019-03-06
1633712.892503044,20190307,-0.007243665959714707,2019-03-07
1626091.864194743,20190308,-0.004664851665964753,2019-03-08
1647024.2227903684,20190311,0.012872801996332006,2019-03-11
1653097.3277477704,20190312,0.0036873197572728778,2019-03-12
1658846.6577963096,20190313,0.003477913823968448,2019-03-13
1654826.36159067,20190314,-0.002423549028323313,2019-03-14
1662433.663772181,20190315,0.004597039519118162,2019-03-15
1666927.371771953,20190318,0.002703090112826212,2019-03-18
1665546.1331947271,20190319,-0.000828613532068645,2019-03-19
1663471.244066662,20190320,-0.0012457710337241412,2019-03-20
1680382.0244604086,20190321,0.010165958957249588,2019-03-21
1656375.3916736993,20190322,-0.014286413706679713,2019-03-22
1653806.7616278762,20190325,-0.0015507535663322747,2019-03-25
1666444.5044733076,20190326,0.007641607918564608,2019-03-26
1660108.3065602966,20190327,-0.003802225574270568,2019-03-27
1667079.304169339,20190328,0.00419912217865237,2019-03-28
1679110.6026626886,20190329,0.007216992295003388,2019-03-29
1697688.45212424,20190401,0.011064101097385315,2019-04-01
1658411.169934414,20190402,-0.02313574209725,2019-04-02
1656752.78625876,20190403,-0.000999983421312689,2019-04-03
1656752.78625876,20190404,0.0,2019-04-04
1656752.78625876,20190405,0.0,2019-04-05
1657132.7903958908,20190408,0.0002293668314805597,2019-04-08
1657009.987940036,20190409,-7.410538042973425e-05,2019-04-09
1657009.987940036,20190410,0.0,2019-04-10
1657009.987940036,20190411,0.0,2019-04-11
1657009.987940036,20190412,0.0,2019-04-12
1657009.987940036,20190415,0.0,2019-04-15
1657009.987940036,20190416,0.0,2019-04-16
1657009.987940036,20190417,0.0,2019-04-17
1657009.987940036,20190418,0.0,2019-04-18
1657009.987940036,20190422,0.0,2019-04-22
1657009.987940036,20190423,0.0,2019-04-23
1657009.987940036,20190424,0.0,2019-04-24
1657009.987940036,20190425,0.0,2019-04-25
1657009.987940036,20190426,0.0,2019-04-26
1657009.987940036,20190429,0.0,2019-04-29
1657009.987940036,20190430,0.0,2019-04-30
1657009.987940036,20190501,0.0,2019-05-01
1657009.987940036,20190502,0.0,2019-05-02
1657009.987940036,20190503,0.0,2019-05-03
1657009.987940036,20190506,0.0,2019-05-06
1657009.987940036,20190507,0.0,2019-05-07
1657009.987940036,20190508,0.0,2019-05-08
1657009.987940036,20190509,0.0,2019-05-09
1657009.987940036,20190510,0.0,2019-05-10
1657009.987940036,20190513,0.0,2019-05-13
1657009.987940036,20190514,0.0,2019-05-14
1657009.987940036,20190515,0.0,2019-05-15
1657009.987940036,20190516,0.0,2019-05-16
1657009.987940036,20190517,0.0,2019-05-17
1657009.987940036,20190520,0.0,2019-05-20
1657009.987940036,20190521,0.0,2019-05-21
1657009.987940036,20190522,0.0,2019-05-22
1657009.987940036,20190523,0.0,2019-05-23
1657009.987940036,20190524,0.0,2019-05-24
1657009.987940036,20190528,0.0,2019-05-28
1657009.987940036,20190529,0.0,2019-05-29
1657009.987940036,20190530,0.0,2019-05-30
1657009.987940036,20190531,0.0,2019-05-31
1657009.987940036,20190603,0.0,2019-06-03
1657009.987940036,20190604,0.0,2019-06-04
1657009.987940036,20190605,0.0,2019-06-05
1657009.987940036,20190606,0.0,2019-06-06
1657009.987940036,20190607,0.0,2019-06-07
1657009.987940036,20190610,0.0,2019-06-10
1657009.987940036,20190611,0.0,2019-06-11
1657009.987940036,20190612,0.0,2019-06-12
1657009.987940036,20190613,0.0,2019-06-13
1657009.987940036,20190614,0.0,2019-06-14
1657009.987940036,20190617,0.0,2019-06-17
1657009.987940036,20190618,0.0,2019-06-18
1657009.987940036,20190619,0.0,2019-06-19
1657009.987940036,20190620,0.0,2019-06-20
1657009.987940036,20190621,0.0,2019-06-21
1657009.987940036,20190624,0.0,2019-06-24
1657009.987940036,20190625,0.0,2019-06-25
1657009.987940036,20190626,0.0,2019-06-26
1657296.5258211317,20190627,0.0001729246553618946,2019-06-27
1657264.329009232,20190628,-1.9427309113306812e-05,2019-06-28
1659144.6961838407,20190701,0.0011346211595182343,2019-07-01
1659565.9475044664,20190702,0.00025389667434949637,2019-07-02
1662258.6245575594,20190703,0.0016225188623217868,2019-07-03
1660419.855537839,20190705,-0.001106187083378729,2019-07-05
1660419.855537839,20190708,0.0,2019-07-08
1657670.7906786085,20190709,-0.0016556444143099869,2019-07-09
1660441.7394871446,20190710,0.0016715917443426154,2019-07-10
1663051.3957246128,20190711,0.0015716638382472503,2019-07-11
1662429.6296936057,20190712,-0.00037387060472426903,2019-07-12
1662429.6296936057,20190715,0.0,2019-07-15
1662429.6296936057,20190716,0.0,2019-07-16
1662429.6296936057,20190717,0.0,2019-07-17
1663382.397578375,20190718,0.0005731177234520324,2019-07-18
1662328.745310085,20190719,-0.0006334395926180791,2019-07-19
1661972.786217217,20190722,-0.00021413279044357747,2019-07-22
1663711.3304878178,20190723,0.0010460726463263903,2019-07-23
1660676.4760490768,20190724,-0.0018241472442525053,2019-07-24
1660035.9510537093,20190725,-0.0003857012516317315,2019-07-25
1660035.9510537093,20190726,0.0,2019-07-26
1660035.9510537093,20190729,0.0,2019-07-29
1660035.9510537093,20190730,0.0,2019-07-30
1660035.9510537093,20190731,0.0,2019-07-31
1658794.5888870903,20190801,-0.0007477923389737073,2019-08-01
1658622.828759665,20190802,-0.00010354514571975226,2019-08-02
1654462.814213929,20190805,-0.0025081136432004714,2019-08-05
1658153.261834662,20190806,0.002230601733098636,2019-08-06
1658795.9884000055,20190807,0.000387615897840643,2019-08-07
1658379.2371734818,20190808,-0.0002512371801222102,2019-08-08
1658379.2371734818,20190809,0.0,2019-08-09
1658379.2371734818,20190812,0.0,2019-08-12
1658379.2371734818,20190813,0.0,2019-08-13
1658379.2371734818,20190814,0.0,2019-08-14
1658379.2371734818,20190815,0.0,2019-08-15
1658379.2371734818,20190816,0.0,2019-08-16
1658379.2371734818,20190819,0.0,2019-08-19
1658379.2371734818,20190820,0.0,2019-08-20
1658379.2371734818,20190821,0.0,2019-08-21
1658379.2371734818,20190822,0.0,2019-08-22
1658379.2371734818,20190823,0.0,2019-08-23
1658379.2371734818,20190826,0.0,2019-08-26
1658379.2371734818,20190827,0.0,2019-08-27
1658379.2371734818,20190828,0.0,2019-08-28
1658379.2371734818,20190829,0.0,2019-08-29
1658379.2371734818,20190830,0.0,2019-08-30
1658379.2371734818,20190903,0.0,2019-09-03
1658379.2371734818,20190904,0.0,2019-09-04
1658379.2371734818,20190905,0.0,2019-09-05
1658379.2371734818,20190906,0.0,2019-09-06
1658379.2371734818,20190909,0.0,2019-09-09
1658379.2371734818,20190910,0.0,2019-09-10
1658379.2371734818,20190911,0.0,2019-09-11
1658379.2371734818,20190912,0.0,2019-09-12
1658379.2371734818,20190913,0.0,2019-09-13
1658379.2371734818,20190916,0.0,2019-09-16
1658379.2371734818,20190917,0.0,2019-09-17
1658379.2371734818,20190918,0.0,2019-09-18
1658379.2371734818,20190919,0.0,2019-09-19
1658379.2371734818,20190920,0.0,2019-09-20
1658379.2371734818,20190923,0.0,2019-09-23
1658379.2371734818,20190924,0.0,2019-09-24
1658379.2371734818,20190925,0.0,2019-09-25
1658379.2371734818,20190926,0.0,2019-09-26
1658379.2371734818,20190927,0.0,2019-09-27
1658379.2371734818,20190930,0.0,2019-09-30
1658379.2371734818,20191001,0.0,2019-10-01
1658379.2371734818,20191002,0.0,2019-10-02
1658379.2371734818,20191003,0.0,2019-10-03
1658379.2371734818,20191004,0.0,2019-10-04
1657277.0048376138,20191007,-0.0006646443172713123,2019-10-07
1657066.0779181968,20191008,-0.00012727318293881407,2019-10-08
1657066.0779181968,20191009,0.0,2019-10-09
1657066.0779181968,20191010,0.0,2019-10-10
1657066.0779181968,20191011,0.0,2019-10-11
1657066.0779181968,20191014,0.0,2019-10-14
1657066.0779181968,20191015,0.0,2019-10-15
1657066.0779181968,20191016,0.0,2019-10-16
1657066.0779181968,20191017,0.0,2019-10-17
1657066.0779181968,20191018,0.0,2019-10-18
1657066.0779181968,20191021,0.0,2019-10-21
1657066.0779181968,20191022,0.0,2019-10-22
1657066.0779181968,20191023,0.0,2019-10-23
1657066.0779181968,20191024,0.0,2019-10-24
1657066.0779181968,20191025,0.0,2019-10-25
1657066.0779181968,20191028,0.0,2019-10-28
1657066.0779181968,20191029,0.0,2019-10-29
1657066.0779181968,20191030,0.0,2019-10-30
1657066.0779181968,20191031,0.0,2019-10-31
1657066.0779181968,20191101,0.0,2019-11-01
1657066.0779181968,20191104,0.0,2019-11-04
1657066.0779181968,20191105,0.0,2019-11-05
1657066.0779181968,20191106,0.0,2019-11-06
1657066.0779181968,20191107,0.0,2019-11-07
1657066.0779181968,20191108,0.0,2019-11-08
1657066.0779181968,20191111,0.0,2019-11-11
1657066.0779181968,20191112,0.0,2019-11-12
1657329.5785728805,20191113,0.00015901638335069634,2019-11-13
1657123.6130156124,20191114,-0.00012427555745764263,2019-11-14
1657123.6130156124,20191115,0.0,2019-11-15
1657123.6130156124,20191118,0.0,2019-11-18
1657123.6130156124,20191119,0.0,2019-11-19
1657123.6130156124,20191120,0.0,2019-11-20
1657123.6130156124,20191121,0.0,2019-11-21
1657123.6130156124,20191122,0.0,2019-11-22
1657123.6130156124,20191125,0.0,2019-11-25
1657123.6130156124,20191126,0.0,2019-11-26
1657123.6130156124,20191127,0.0,2019-11-27
1657123.6130156124,20191129,0.0,2019-11-29
1657123.6130156124,20191202,0.0,2019-12-02
1657123.6130156124,20191203,0.0,2019-12-03
1657123.6130156124,20191204,0.0,2019-12-04
1657123.6130156124,20191205,0.0,2019-12-05
1657123.6130156124,20191206,0.0,2019-12-06
1657123.6130156124,20191209,0.0,2019-12-09
1657123.6130156124,20191210,0.0,2019-12-10
1657123.6130156124,20191211,0.0,2019-12-11
1657123.6130156124,20191212,0.0,2019-12-12
1657123.6130156124,20191213,0.0,2019-12-13
1657123.6130156124,20191216,0.0,2019-12-16
1657123.6130156124,20191217,0.0,2019-12-17
1657123.6130156124,20191218,0.0,2019-12-18
1657123.6130156124,20191219,0.0,2019-12-19
1657123.6130156124,20191220,0.0,2019-12-20
1657123.6130156124,20191223,0.0,2019-12-23
1657123.6130156124,20191224,0.0,2019-12-24
1657123.6130156124,20191226,0.0,2019-12-26
1657123.6130156124,20191227,0.0,2019-12-27
1657123.6130156124,20191230,0.0,2019-12-30
1657123.6130156124,20191231,0.0,2019-12-31
1657123.6130156124,20200102,0.0,2020-01-02
1657123.6130156124,20200103,0.0,2020-01-03
1657123.6130156124,20200106,0.0,2020-01-06
1656043.6392938206,20200107,-0.0006517158486604169,2020-01-07
1656856.3527892902,20200108,0.0004907560864859661,2020-01-08
1656535.263367586,20200109,-0.00019379436314059806,2020-01-09
1655425.8504123848,20200110,-0.0006697188884140504,2020-01-10
1655262.4993906547,20200113,-9.86761332073538e-05,2020-01-13
1655262.4993906547,20200114,0.0,2020-01-14
1655262.4993906547,20200115,0.0,2020-01-15
1655262.4993906547,20200116,0.0,2020-01-16
1655262.4993906547,20200117,0.0,2020-01-17
1655262.4993906547,20200121,0.0,2020-01-21
1655262.4993906547,20200122,0.0,2020-01-22
1655262.4993906547,20200123,0.0,2020-01-23
1655262.4993906547,20200124,0.0,2020-01-24
1655262.4993906547,20200127,0.0,2020-01-27
1655262.4993906547,20200128,0.0,2020-01-28
1655262.4993906547,20200129,0.0,2020-01-29
1655262.4993906547,20200130,0.0,2020-01-30
1655262.4993906547,20200131,0.0,2020-01-31
1655262.4993906547,20200203,0.0,2020-02-03
1655262.4993906547,20200204,0.0,2020-02-04
1655262.4993906547,20200205,0.0,2020-02-05
1655262.4993906547,20200206,0.0,2020-02-06
1655262.4993906547,20200207,0.0,2020-02-07
1655262.4993906547,20200210,0.0,2020-02-10
1655262.4993906547,20200211,0.0,2020-02-11
1655262.4993906547,20200212,0.0,2020-02-12
1655262.4993906547,20200213,0.0,2020-02-13
1655262.4993906547,20200214,0.0,2020-02-14
1655262.4993906547,20200218,0.0,2020-02-18
1655262.4993906547,20200219,0.0,2020-02-19
1655262.4993906547,20200220,0.0,2020-02-20
1655262.4993906547,20200221,0.0,2020-02-21
1650488.3399829413,20200224,-0.0028842309962745505,2020-02-24
1644315.4348750429,20200225,-0.0037400476927708093,2020-02-25
1644144.5475814175,20200226,-0.00010392610201237495,2020-02-26
1644144.5475814175,20200227,0.0,2020-02-27
1642670.8926698018,20200228,-0.0008963049591859118,2020-02-28
1642563.8331977944,20200302,-6.51740238931664e-05,2020-03-02
1642563.8331977944,20200303,0.0,2020-03-03
1642563.8331977944,20200304,0.0,2020-03-04
1642563.8331977944,20200305,0.0,2020-03-05
1642563.8331977944,20200306,0.0,2020-03-06
1642563.8331977944,20200309,0.0,2020-03-09
1642563.8331977944,20200310,0.0,2020-03-10
1642563.8331977944,20200311,0.0,2020-03-11
1642563.8331977944,20200312,0.0,2020-03-12
1642563.8331977944,20200313,0.0,2020-03-13
1642563.8331977944,20200316,0.0,2020-03-16
1642563.8331977944,20200317,0.0,2020-03-17
1642563.8331977944,20200318,0.0,2020-03-18
1642563.8331977944,20200319,0.0,2020-03-19
1642563.8331977944,20200320,0.0,2020-03-20
1642563.8331977944,20200323,0.0,2020-03-23
1642563.8331977944,20200324,0.0,2020-03-24
1642563.8331977944,20200325,0.0,2020-03-25
1642563.8331977944,20200326,0.0,2020-03-26
1642563.8331977944,20200327,0.0,2020-03-27
1642563.8331977944,20200330,0.0,2020-03-30
1642563.8331977944,20200331,0.0,2020-03-31
1642563.8331977944,20200401,0.0,2020-04-01
1642563.8331977944,20200402,0.0,2020-04-02
1642563.8331977944,20200403,0.0,2020-04-03
1642563.8331977944,20200406,0.0,2020-04-06
1643462.975030125,20200407,0.0005474014550654882,2020-04-07
1643322.2559021793,20200408,-8.562354618490975e-05,2020-04-08
1643322.2559021793,20200409,0.0,2020-04-09
1643322.2559021793,20200413,0.0,2020-04-13
1643322.2559021793,20200414,0.0,2020-04-14
1643322.2559021793,20200415,0.0,2020-04-15
1643322.2559021793,20200416,0.0,2020-04-16
1643322.2559021793,20200417,0.0,2020-04-17
1643322.2559021793,20200420,0.0,2020-04-20
1643322.2559021793,20200421,0.0,2020-04-21
1643322.2559021793,20200422,0.0,2020-04-22
1643322.2559021793,20200423,0.0,2020-04-23
1643322.2559021793,20200424,0.0,2020-04-24
1643322.2559021793,20200427,0.0,2020-04-27
1643322.2559021793,20200428,0.0,2020-04-28
1643322.2559021793,20200429,0.0,2020-04-29
1643322.2559021793,20200430,0.0,2020-04-30
1643322.2559021793,20200501,0.0,2020-05-01
1643322.2559021793,20200504,0.0,2020-05-04
1643322.2559021793,20200505,0.0,2020-05-05
1643322.2559021793,20200506,0.0,2020-05-06
1643322.2559021793,20200507,0.0,2020-05-07
1643322.2559021793,20200508,0.0,2020-05-08
1643322.2559021793,20200511,0.0,2020-05-11
1643322.2559021793,20200512,0.0,2020-05-12
1643322.2559021793,20200513,0.0,2020-05-13
1643322.2559021793,20200514,0.0,2020-05-14
1643322.2559021793,20200515,0.0,2020-05-15
1643322.2559021793,20200518,0.0,2020-05-18
1643322.2559021793,20200519,0.0,2020-05-19
1643322.2559021793,20200520,0.0,2020-05-20
1643322.2559021793,20200521,0.0,2020-05-21
1643322.2559021793,20200522,0.0,2020-05-22
1643322.2559021793,20200526,0.0,2020-05-26
1643322.2559021793,20200527,0.0,2020-05-27
1643322.2559021793,20200528,0.0,2020-05-28
1642364.1231690145,20200529,-0.0005830461613499649,2020-05-29
1644453.298753176,20200601,0.001272053836715692,2020-06-01
1644086.3478741348,20200602,-0.00022314460332761854,2020-06-02
1644086.3478741348,20200603,0.0,2020-06-03
1644086.3478741348,20200604,0.0,2020-06-04
1651701.186454753,20200605,0.0046316536783268525,2020-06-05
1651496.819702604,20200608,-0.0001237310682009607,2020-06-08
1651496.819702604,20200609,0.0,2020-06-09
1651496.819702604,20200610,0.0,2020-06-10
1651496.819702604,20200611,0.0,2020-06-11
1651496.819702604,20200612,0.0,2020-06-12
1651496.819702604,20200615,0.0,2020-06-15
1651496.819702604,20200616,0.0,2020-06-16
1651496.819702604,20200617,0.0,2020-06-17
1651496.819702604,20200618,0.0,2020-06-18
1651496.819702604,20200619,0.0,2020-06-19
1651496.819702604,20200622,0.0,2020-06-22
1651496.819702604,20200623,0.0,2020-06-23
1651496.819702604,20200624,0.0,2020-06-24
1651496.819702604,20200625,0.0,2020-06-25
1651496.819702604,20200626,0.0,2020-06-26
1651496.819702604,20200629,0.0,2020-06-29
1651496.819702604,20200630,0.0,2020-06-30
1651496.819702604,20200701,0.0,
1651496.819702604,20200702,0.0,
1651496.819702604,20200706,0.0,
